F_inst,Pval_inst,F_x2ls,Pval_x2ls
37.462522413123,0,13.4559725340888,0
