Predictor,Beta_Estimado,se,emarginal
intercept,0.21107837680986,0.0208038143005005,0.0833995062538918
phq_score,-0.0185256007250157,0.00254192641186527,-0.00731967895941704
